ground_truth, iters1, iters2, iters3, iters4, iters5, iters6, iters7, iters8, iters9, iters10, iters11, iters12, iters13, iters14, iters15, iters16, iters17, iters18, iters19, iters20, iters21, iters22, iters23, iters24, iters25
0, 22, 0, 6, 0, 0, 19, 7, 28, 0, 10, 3, 0, 10, 0, 19, 10, 14, 0, 27, 10, 0, 0, 31, 0, 0
0, 10, 8, 30, 23, 26, 14, 12, 0, 0, 10, 0, 31, 3, 16, 0, 0, 20, 10, 10, 0, 0, 0, 0, 0, 27
0, 6, 30, 22, 10, 20, 0, 19, 27, 0, 0, 0, 0, 16, 0, 27, 3, 17, 0, 19, 0, 0, 0, 0, 0, 0
0, 14, 8, 9, 25, 13, 16, 23, 0, 12, 11, 15, 18, 0, 0, 31, 0, 0, 10, 0, 0, 31, 8, 0, 27, 0
0, 26, 6, 10, 14, 22, 0, 0, 27, 19, 19, 0, 19, 0, 27, 0, 10, 0, 0, 19, 0, 0, 0, 10, 0, 0
0, 6, 26, 0, 18, 19, 18, 27, 16, 19, 0, 0, 27, 0, 27, 0, 16, 10, 19, 0, 19, 12, 0, 10, 0, 0
0, 19, 0, 18, 19, 22, 0, 11, 12, 8, 20, 0, 0, 27, 0, 0, 0, 0, 8, 12, 0, 0, 7, 0, 10, 19
0, 13, 0, 25, 22, 26, 24, 14, 0, 0, 0, 10, 28, 12, 19, 16, 0, 3, 27, 0, 0, 0, 10, 19, 27, 0
0, 19, 0, 10, 29, 30, 14, 29, 19, 16, 3, 25, 0, 27, 20, 0, 0, 0, 0, 0, 0, 0, 0, 0, 0, 19
0, 22, 27, 20, 0, 19, 0, 12, 0, 19, 19, 12, 0, 0, 0, 0, 0, 16, 27, 20, 16, 10, 0, 0, 10, 0
0, 21, 3, 18, 0, 30, 31, 11, 19, 20, 29, 0, 0, 0, 3, 0, 12, 0, 0, 0, 16, 0, 0, 0, 0, 17
0, 3, 19, 12, 7, 0, 19, 30, 0, 8, 0, 0, 0, 0, 0, 0, 0, 0, 8, 0, 0, 0, 0, 0, 0, 0
0, 6, 24, 24, 10, 12, 2, 2, 0, 0, 10, 0, 0, 0, 0, 27, 0, 19, 0, 27, 16, 0, 0, 0, 0, 0
0, 14, 19, 19, 19, 7, 16, 0, 16, 0, 19, 27, 0, 12, 0, 19, 0, 0, 0, 19, 0, 0, 27, 0, 0, 0
0, 6, 0, 31, 3, 19, 4, 18, 0, 19, 0, 0, 0, 0, 0, 12, 10, 0, 10, 10, 0, 0, 0, 0, 0, 0
1, 5, 1, 17, 23, 21, 25, 25, 13, 3, 15, 15, 1, 13, 7, 9, 21, 1, 1, 15, 15, 1, 1, 1, 1, 1
1, 5, 21, 23, 15, 21, 20, 21, 1, 1, 25, 21, 21, 13, 1, 1, 25, 3, 1, 1, 1, 15, 1, 17, 1, 1
1, 3, 3, 1, 17, 17, 24, 21, 25, 1, 23, 1, 1, 13, 1, 21, 1, 1, 25, 7, 3, 25, 3, 17, 15, 13
1, 3, 19, 19, 0, 1, 1, 17, 1, 15, 3, 1, 1, 21, 1, 13, 1, 13, 13, 17, 1, 1, 1, 1, 1, 1
1, 19, 25, 19, 3, 15, 25, 24, 1, 17, 3, 9, 3, 1, 1, 1, 1, 1, 1, 25, 1, 23, 3, 1, 1, 3
1, 13, 5, 27, 29, 17, 20, 25, 25, 1, 23, 1, 25, 1, 17, 3, 15, 1, 15, 1, 1, 1, 1, 1, 9, 25
1, 5, 25, 3, 25, 1, 1, 25, 15, 1, 23, 1, 1, 21, 21, 1, 21, 21, 1, 1, 1, 1, 3, 1, 15, 1
1, 29, 5, 23, 5, 19, 9, 23, 23, 25, 1, 1, 1, 1, 1, 1, 13, 1, 1, 1, 17, 1, 1, 1, 1, 23
1, 6, 13, 19, 17, 1, 25, 21, 29, 1, 1, 1, 1, 9, 15, 1, 1, 1, 17, 1, 1, 1, 1, 1, 1, 1
1, 5, 21, 13, 25, 16, 9, 9, 9, 20, 25, 1, 15, 25, 1, 20, 24, 1, 20, 25, 1, 21, 1, 25, 1, 1
1, 13, 25, 8, 23, 25, 1, 25, 1, 19, 17, 23, 3, 21, 5, 1, 13, 15, 1, 21, 17, 1, 1, 25, 1, 1
1, 10, 5, 29, 29, 21, 8, 13, 13, 1, 9, 21, 13, 25, 1, 1, 21, 1, 1, 1, 1, 1, 1, 1, 23, 1
1, 13, 5, 5, 3, 17, 1, 9, 21, 1, 1, 1, 13, 1, 15, 1, 1, 29, 1, 1, 9, 1, 1, 1, 1, 25
1, 5, 19, 13, 20, 24, 15, 29, 13, 15, 20, 9, 3, 25, 1, 1, 1, 1, 17, 23, 17, 1, 1, 1, 13, 1
1, 3, 1, 10, 23, 13, 3, 21, 1, 17, 11, 9, 7, 25, 21, 1, 29, 25, 1, 13, 1, 1, 15, 1, 1, 1
2, 10, 16, 4, 22, 30, 10, 2, 18, 2, 26, 20, 18, 28, 2, 2, 22, 2, 2, 2, 2, 2, 26, 2, 2, 2
2, 28, 0, 0, 18, 2, 2, 2, 26, 10, 2, 4, 4, 2, 2, 26, 2, 2, 2, 28, 2, 2, 2, 28, 2, 2
2, 10, 18, 18, 12, 22, 26, 28, 31, 2, 11, 2, 18, 2, 26, 2, 2, 18, 10, 10, 26, 2, 2, 18, 2, 2
2, 19, 22, 6, 11, 2, 2, 28, 22, 26, 28, 4, 18, 26, 2, 2, 2, 22, 2, 2, 26, 0, 2, 2, 26, 18
2, 6, 30, 12, 2, 22, 12, 4, 2, 22, 2, 10, 26, 2, 2, 4, 26, 2, 22, 26, 2, 2, 18, 4, 2, 2
2, 14, 22, 26, 15, 2, 4, 2, 26, 2, 12, 2, 2, 2, 18, 2, 22, 2, 4, 2, 18, 2, 2, 10, 2, 2
2, 0, 2, 23, 28, 23, 10, 10, 22, 4, 2, 18, 12, 2, 2, 2, 2, 26, 2, 2, 2, 26, 2, 2, 2, 28
2, 6, 10, 4, 23, 4, 26, 2, 17, 27, 2, 16, 2, 2, 2, 22, 12, 4, 28, 2, 12, 26, 2, 10, 2, 12
2, 6, 26, 26, 18, 4, 2, 4, 12, 28, 4, 26, 16, 2, 2, 18, 2, 4, 31, 2, 2, 28, 2, 2, 2, 2
2, 13, 27, 22, 26, 22, 12, 2, 2, 22, 26, 31, 4, 2, 2, 2, 31, 26, 2, 10, 2, 2, 2, 28, 2, 4
2, 10, 4, 26, 27, 19, 2, 2, 22, 2, 28, 4, 2, 10, 10, 2, 2, 18, 2, 15, 4, 18, 2, 2, 2, 2
2, 10, 19, 28, 15, 0, 6, 2, 4, 22, 2, 10, 31, 2, 26, 2, 28, 2, 22, 2, 2, 10, 2, 2, 2, 2
2, 19, 16, 20, 4, 4, 31, 2, 10, 30, 26, 2, 26, 2, 2, 4, 2, 2, 2, 2, 2, 2, 2, 2, 2, 2
2, 10, 6, 28, 30, 4, 8, 2, 28, 4, 2, 10, 31, 28, 2, 2, 26, 18, 2, 28, 2, 2, 2, 4, 2, 2
2, 28, 2, 4, 22, 2, 4, 18, 2, 2, 28, 4, 28, 10, 2, 4, 2, 2, 2, 26, 2, 2, 2, 22, 26, 2
3, 3, 7, 17, 19, 19, 15, 7, 29, 3, 3, 3, 17, 3, 1, 20, 3, 3, 19, 11, 27, 3, 19, 3, 3, 3
3, 21, 3, 3, 25, 1, 20, 3, 25, 13, 23, 3, 3, 1, 19, 3, 13, 13, 3, 3, 3, 3, 19, 3, 3, 3
3, 5, 28, 25, 7, 19, 19, 9, 20, 3, 29, 23, 3, 3, 3, 3, 0, 1, 9, 7, 3, 3, 13, 3, 23, 3
3, 18, 13, 3, 13, 7, 5, 13, 9, 29, 3, 3, 13, 19, 3, 3, 13, 20, 3, 3, 9, 17, 3, 3, 3, 19
3, 19, 7, 19, 19, 7, 19, 9, 3, 3, 17, 3, 19, 3, 29, 3, 3, 3, 3, 11, 3, 17, 9, 3, 23, 3
3, 19, 21, 3, 7, 17, 19, 19, 7, 13, 9, 3, 23, 19, 3, 3, 13, 3, 3, 19, 3, 13, 3, 3, 3, 3
3, 19, 19, 3, 19, 15, 3, 13, 1, 3, 3, 9, 3, 3, 9, 7, 3, 3, 3, 13, 3, 3, 13, 3, 3, 3
3, 19, 29, 5, 0, 25, 13, 11, 23, 3, 9, 23, 29, 3, 9, 13, 20, 13, 7, 3, 3, 13, 3, 3, 3, 3
3, 3, 3, 13, 23, 3, 19, 25, 1, 11, 29, 20, 13, 3, 13, 9, 13, 13, 19, 3, 20, 3, 3, 3, 3, 20
3, 3, 3, 29, 19, 9, 13, 20, 25, 3, 3, 3, 19, 19, 3, 1, 0, 3, 3, 3, 3, 23, 19, 3, 19, 3
3, 19, 0, 21, 17, 13, 17, 3, 8, 23, 19, 9, 3, 3, 3, 1, 3, 19, 3, 3, 7, 3, 20, 3, 3, 1
3, 21, 0, 3, 25, 13, 23, 3, 1, 3, 11, 3, 13, 3, 11, 3, 3, 1, 3, 19, 19, 23, 19, 3, 3, 3
3, 19, 21, 3, 3, 23, 9, 27, 17, 3, 3, 13, 3, 23, 20, 3, 3, 3, 9, 13, 3, 1, 3, 3, 1, 3
3, 5, 3, 1, 23, 13, 19, 17, 25, 19, 3, 13, 3, 3, 3, 21, 1, 3, 23, 13, 3, 3, 3, 15, 3, 3
3, 0, 19, 11, 25, 19, 11, 3, 3, 0, 1, 23, 9, 3, 3, 13, 3, 19, 19, 3, 20, 3, 27, 3, 3, 3
4, 19, 29, 29, 15, 10, 7, 12, 4, 31, 4, 4, 2, 4, 4, 16, 16, 4, 4, 4, 4, 4, 4, 4, 26, 4
4, 26, 2, 3, 17, 4, 4, 2, 10, 4, 12, 7, 4, 4, 2, 4, 4, 20, 4, 4, 4, 4, 4, 12, 8, 4
4, 6, 29, 26, 4, 15, 4, 25, 4, 20, 11, 4, 15, 4, 4, 4, 4, 31, 4, 4, 4, 4, 4, 4, 4, 4
4, 19, 24, 8, 0, 22, 19, 31, 4, 4, 12, 4, 11, 4, 4, 20, 4, 4, 4, 4, 4, 4, 4, 4, 4, 4
4, 22, 18, 31, 26, 26, 4, 10, 4, 4, 4, 4, 7, 4, 26, 4, 4, 4, 4, 10, 4, 4, 4, 4, 4, 2
4, 26, 0, 28, 2, 15, 4, 10, 4, 15, 4, 10, 15, 26, 4, 4, 4, 23, 2, 4, 12, 4, 2, 12, 19, 4
4, 10, 6, 13, 28, 4, 8, 4, 4, 4, 4, 4, 2, 4, 4, 11, 7, 4, 4, 11, 11, 4, 2, 4, 4, 4
4, 10, 6, 4, 30, 11, 4, 4, 28, 4, 20, 20, 4, 4, 2, 4, 4, 2, 9, 12, 10, 4, 4, 4, 2, 4
4, 0, 4, 4, 19, 9, 22, 4, 2, 4, 4, 4, 2, 4, 4, 4, 4, 4, 7, 4, 4, 4, 4, 15, 4, 4
4, 8, 1, 30, 0, 4, 15, 10, 11, 31, 4, 4, 4, 4, 4, 4, 4, 2, 4, 4, 4, 4, 4, 4, 4, 4
4, 5, 4, 20, 4, 12, 2, 4, 4, 19, 4, 4, 4, 4, 18, 4, 12, 20, 7, 31, 4, 7, 4, 4, 4, 4
4, 3, 29, 7, 6, 1, 15, 4, 22, 4, 4, 4, 4, 4, 4, 20, 4, 4, 4, 4, 4, 4, 4, 4, 4, 4
4, 13, 24, 26, 14, 10, 12, 4, 9, 4, 31, 4, 4, 2, 4, 4, 4, 4, 4, 4, 4, 10, 4, 4, 4, 4
4, 5, 30, 19, 4, 7, 19, 4, 31, 4, 15, 4, 4, 4, 4, 23, 4, 4, 12, 2, 4, 11, 2, 28, 4, 10
4, 10, 23, 26, 4, 4, 4, 20, 7, 4, 2, 4, 10, 4, 4, 4, 12, 20, 4, 4, 4, 4, 16, 4, 4, 4
5, 5, 5, 5, 21, 5, 5, 21, 21, 5, 5, 5, 5, 5, 5, 5, 5, 5, 5, 21, 5, 5, 5, 5, 5, 5
5, 5, 5, 5, 21, 21, 5, 25, 5, 5, 5, 5, 5, 5, 5, 5, 5, 5, 5, 5, 5, 5, 5, 5, 5, 5
5, 5, 5, 21, 5, 5, 5, 25, 5, 21, 5, 5, 5, 5, 5, 5, 21, 5, 5, 5, 5, 5, 5, 5, 5, 5
5, 5, 5, 5, 29, 5, 5, 21, 5, 5, 25, 5, 5, 5, 5, 21, 5, 5, 5, 5, 5, 5, 5, 5, 21, 5
5, 5, 5, 5, 5, 5, 5, 21, 5, 5, 5, 5, 5, 5, 5, 5, 5, 5, 5, 5, 5, 5, 5, 5, 5, 5
5, 21, 5, 21, 5, 21, 5, 5, 5, 5, 5, 5, 21, 5, 5, 5, 5, 5, 5, 5, 5, 5, 5, 21, 5, 5
5, 5, 5, 5, 5, 5, 21, 21, 21, 5, 5, 21, 21, 5, 5, 21, 5, 21, 5, 5, 5, 5, 5, 5, 5, 5
5, 5, 5, 29, 5, 21, 5, 5, 5, 21, 21, 5, 5, 5, 21, 5, 5, 5, 5, 5, 13, 5, 5, 21, 5, 5
5, 5, 5, 1, 5, 5, 21, 9, 5, 1, 25, 5, 5, 5, 5, 5, 5, 5, 5, 5, 5, 5, 5, 5, 21, 5
5, 5, 5, 21, 5, 5, 21, 21, 5, 5, 5, 21, 21, 5, 5, 5, 5, 5, 5, 5, 5, 5, 5, 5, 5, 5
5, 5, 25, 5, 5, 21, 5, 5, 21, 5, 21, 5, 5, 5, 5, 5, 5, 5, 5, 5, 5, 5, 5, 5, 5, 5
5, 13, 5, 5, 5, 5, 21, 5, 21, 21, 5, 5, 5, 21, 5, 5, 5, 5, 5, 5, 5, 5, 5, 5, 21, 5
5, 5, 5, 13, 5, 5, 5, 5, 5, 5, 5, 21, 5, 5, 5, 5, 21, 5, 5, 5, 5, 21, 5, 5, 5, 5
5, 5, 21, 5, 21, 5, 5, 5, 5, 5, 5, 5, 5, 5, 5, 5, 5, 5, 5, 5, 5, 5, 5, 5, 5, 21
5, 5, 5, 1, 5, 21, 5, 5, 5, 21, 5, 5, 5, 5, 5, 21, 5, 5, 5, 5, 5, 5, 5, 5, 5, 5
6, 6, 6, 6, 6, 6, 6, 6, 26, 6, 22, 6, 6, 14, 6, 6, 6, 6, 6, 6, 6, 6, 6, 6, 6, 6
6, 6, 14, 6, 6, 22, 6, 6, 22, 26, 26, 6, 6, 6, 6, 6, 6, 6, 6, 22, 6, 6, 6, 6, 6, 6
6, 6, 6, 6, 6, 6, 6, 14, 6, 6, 6, 6, 6, 6, 6, 6, 6, 6, 6, 6, 6, 22, 6, 6, 6, 6
6, 6, 6, 2, 6, 30, 22, 6, 6, 6, 6, 6, 6, 6, 6, 22, 6, 6, 6, 6, 6, 6, 6, 6, 6, 6
6, 16, 2, 6, 6, 6, 2, 26, 6, 6, 6, 6, 6, 6, 6, 6, 6, 6, 6, 6, 6, 6, 6, 6, 6, 6
6, 6, 6, 6, 6, 6, 6, 6, 6, 6, 6, 6, 6, 6, 6, 6, 6, 6, 6, 6, 6, 6, 6, 6, 6, 6
6, 6, 6, 6, 6, 26, 22, 6, 6, 6, 6, 6, 6, 6, 6, 6, 6, 6, 6, 6, 6, 22, 6, 6, 6, 6
6, 6, 14, 6, 22, 6, 6, 6, 6, 6, 6, 6, 6, 6, 6, 6, 6, 6, 6, 6, 6, 6, 6, 6, 22, 6
6, 22, 6, 26, 6, 14, 6, 6, 6, 6, 6, 22, 6, 6, 6, 6, 6, 6, 6, 6, 6, 6, 6, 22, 6, 6
6, 6, 26, 18, 6, 6, 6, 22, 6, 6, 6, 22, 6, 6, 6, 6, 22, 6, 6, 6, 6, 6, 6, 6, 6, 6
6, 6, 6, 6, 22, 22, 6, 22, 6, 6, 6, 6, 6, 6, 26, 6, 6, 6, 6, 6, 6, 6, 6, 6, 6, 6
6, 26, 14, 6, 6, 14, 22, 22, 6, 6, 6, 6, 6, 6, 6, 6, 6, 6, 6, 6, 6, 6, 6, 6, 6, 6
6, 6, 26, 6, 6, 6, 6, 6, 6, 6, 6, 6, 6, 6, 6, 6, 6, 6, 6, 6, 6, 6, 6, 6, 6, 6
6, 6, 22, 28, 6, 6, 6, 6, 6, 22, 6, 6, 6, 6, 6, 6, 6, 6, 6, 6, 6, 22, 6, 6, 6, 6
6, 6, 14, 6, 6, 6, 22, 26, 6, 6, 6, 6, 6, 6, 22, 6, 6, 6, 6, 6, 6, 22, 6, 6, 6, 6
7, 19, 2, 25, 3, 2, 3, 7, 7, 3, 3, 4, 13, 15, 7, 4, 7, 7, 23, 7, 7, 7, 7, 7, 7, 7
7, 10, 19, 10, 1, 25, 12, 23, 7, 31, 9, 7, 15, 7, 7, 7, 25, 12, 7, 7, 4, 11, 20, 7, 7, 7
7, 19, 10, 4, 7, 2, 3, 27, 23, 20, 12, 12, 7, 12, 7, 15, 7, 7, 7, 7, 7, 7, 7, 7, 7, 7
7, 10, 29, 26, 7, 7, 12, 20, 12, 23, 7, 7, 4, 7, 7, 7, 7, 7, 7, 7, 7, 7, 7, 7, 7, 7
7, 5, 7, 17, 7, 3, 7, 7, 12, 7, 7, 12, 7, 7, 7, 27, 7, 7, 7, 7, 7, 7, 7, 7, 7, 23
7, 5, 21, 23, 23, 4, 3, 15, 25, 11, 7, 12, 7, 23, 12, 7, 12, 7, 7, 7, 7, 26, 7, 11, 29, 15
7, 13, 17, 7, 7, 7, 25, 7, 23, 20, 4, 7, 7, 23, 7, 10, 7, 7, 7, 7, 9, 7, 7, 7, 7, 7
7, 5, 3, 23, 27, 11, 2, 9, 0, 11, 7, 7, 7, 7, 7, 7, 4, 12, 7, 7, 7, 7, 7, 7, 7, 7
7, 29, 20, 20, 10, 7, 7, 25, 25, 7, 4, 7, 23, 3, 7, 20, 7, 7, 7, 4, 7, 27, 3, 7, 29, 29
7, 5, 4, 22, 7, 16, 9, 3, 29, 7, 29, 4, 12, 7, 7, 7, 7, 25, 7, 7, 7, 7, 25, 7, 7, 7
7, 13, 29, 3, 19, 29, 19, 7, 20, 25, 7, 7, 7, 12, 12, 20, 12, 9, 25, 7, 20, 7, 20, 12, 7, 7
7, 10, 7, 25, 31, 23, 9, 11, 7, 25, 12, 7, 25, 4, 7, 7, 7, 4, 7, 7, 7, 25, 20, 7, 15, 20
7, 5, 25, 13, 21, 4, 7, 7, 7, 29, 23, 12, 20, 23, 25, 7, 7, 3, 13, 7, 25, 20, 7, 7, 15, 7
7, 26, 29, 19, 8, 21, 20, 23, 15, 7, 7, 7, 7, 17, 9, 7, 7, 7, 11, 20, 20, 7, 7, 7, 7, 7
7, 5, 0, 23, 12, 12, 21, 4, 13, 7, 4, 23, 12, 7, 7, 4, 7, 25, 7, 7, 12, 7, 7, 20, 3, 7
8, 18, 19, 29, 9, 31, 18, 16, 14, 8, 17, 31, 3, 8, 15, 8, 20, 20, 8, 19, 8, 8, 8, 8, 8, 8
8, 13, 0, 17, 0, 24, 1, 8, 8, 8, 9, 24, 8, 0, 20, 16, 18, 8, 8, 8, 8, 8, 23, 8, 8, 8
8, 3, 30, 20, 17, 18, 0, 18, 30, 24, 19, 8, 8, 19, 24, 8, 8, 24, 20, 8, 24, 30, 18, 8, 8, 30
8, 26, 19, 16, 21, 15, 8, 16, 27, 8, 8, 16, 30, 8, 8, 8, 8, 8, 15, 8, 8, 16, 8, 18, 8, 8
8, 3, 21, 13, 19, 13, 24, 19, 8, 1, 8, 16, 30, 8, 15, 8, 8, 8, 8, 8, 8, 15, 24, 8, 8, 8
8, 16, 17, 19, 30, 8, 17, 18, 30, 8, 8, 8, 8, 8, 17, 8, 8, 8, 30, 8, 8, 8, 8, 15, 8, 18
8, 3, 24, 15, 2, 29, 28, 8, 24, 20, 8, 8, 0, 8, 8, 8, 15, 8, 16, 15, 16, 16, 8, 8, 8, 8
8, 3, 1, 24, 12, 18, 8, 19, 31, 8, 8, 16, 30, 8, 8, 30, 15, 8, 8, 8, 8, 16, 8, 8, 8, 20
8, 21, 12, 19, 15, 11, 18, 24, 0, 8, 8, 8, 8, 24, 8, 8, 15, 20, 8, 20, 8, 4, 8, 8, 8, 17
8, 6, 4, 19, 28, 0, 8, 9, 8, 15, 8, 18, 9, 8, 8, 15, 31, 20, 8, 8, 19, 8, 8, 8, 8, 8
8, 5, 19, 19, 18, 24, 24, 20, 8, 8, 1, 8, 30, 8, 8, 24, 8, 8, 8, 8, 8, 8, 8, 8, 8, 8
8, 19, 19, 8, 17, 30, 3, 0, 8, 24, 16, 15, 24, 0, 8, 8, 8, 8, 8, 8, 8, 17, 8, 8, 8, 8
8, 10, 25, 18, 17, 24, 31, 17, 8, 17, 16, 28, 19, 8, 8, 15, 8, 8, 8, 8, 8, 8, 8, 19, 8, 8
8, 19, 30, 2, 16, 11, 24, 0, 17, 31, 17, 10, 8, 8, 8, 8, 20, 16, 8, 30, 8, 8, 24, 8, 8, 8
8, 10, 10, 24, 31, 31, 30, 19, 8, 8, 27, 31, 8, 30, 24, 17, 8, 18, 18, 8, 8, 24, 8, 8, 8, 8
9, 19, 4, 17, 9, 15, 9, 9, 9, 1, 9, 9, 29, 9, 29, 9, 9, 25, 20, 9, 9, 9, 25, 9, 9, 9
9, 19, 3, 29, 25, 15, 23, 1, 20, 3, 10, 20, 20, 9, 9, 3, 9, 23, 9, 9, 9, 9, 9, 9, 9, 11
9, 19, 3, 3, 3, 29, 25, 3, 9, 25, 20, 3, 9, 9, 17, 9, 20, 9, 20, 9, 9, 9, 9, 9, 25, 19
9, 13, 4, 17, 17, 11, 3, 1, 29, 3, 9, 9, 9, 9, 9, 20, 1, 9, 23, 9, 9, 9, 9, 9, 9, 9
9, 0, 19, 18, 7, 17, 3, 19, 9, 20, 19, 9, 9, 3, 9, 25, 9, 9, 20, 9, 9, 1, 9, 9, 9, 3
9, 13, 24, 3, 29, 21, 4, 25, 3, 1, 20, 11, 9, 1, 9, 9, 15, 9, 9, 9, 9, 9, 25, 9, 19, 9
9, 5, 21, 11, 3, 9, 21, 29, 9, 1, 15, 11, 9, 3, 9, 9, 9, 23, 25, 1, 9, 9, 9, 9, 9, 9
9, 19, 13, 13, 8, 11, 19, 1, 13, 9, 11, 9, 25, 9, 20, 9, 9, 9, 25, 9, 9, 9, 9, 19, 9, 15
9, 19, 13, 19, 4, 29, 9, 10, 9, 7, 23, 9, 13, 15, 9, 9, 3, 11, 25, 9, 9, 9, 9, 9, 9, 9
9, 11, 9, 13, 7, 23, 21, 9, 15, 11, 29, 1, 9, 20, 25, 9, 15, 15, 9, 9, 9, 9, 23, 9, 1, 9
9, 5, 25, 19, 25, 13, 1, 29, 20, 9, 25, 23, 9, 9, 9, 29, 9, 9, 9, 23, 1, 9, 9, 9, 17, 9
9, 19, 25, 21, 5, 4, 20, 7, 29, 9, 9, 9, 3, 9, 9, 9, 9, 9, 11, 20, 15, 9, 9, 9, 3, 9
9, 19, 17, 7, 5, 25, 9, 9, 13, 11, 9, 19, 13, 1, 9, 9, 9, 9, 9, 9, 1, 29, 7, 9, 1, 9
9, 19, 25, 25, 15, 13, 25, 11, 9, 13, 29, 9, 13, 7, 9, 1, 9, 1, 15, 1, 15, 9, 9, 9, 9, 9
9, 10, 1, 19, 13, 25, 29, 9, 9, 9, 9, 15, 29, 9, 15, 15, 20, 9, 9, 29, 9, 9, 15, 9, 7, 9
10, 6, 26, 18, 0, 16, 10, 16, 10, 26, 0, 12, 2, 0, 10, 10, 10, 10, 20, 10, 10, 10, 10, 10, 10, 10
10, 14, 31, 10, 31, 10, 20, 6, 10, 10, 10, 4, 10, 10, 20, 10, 20, 10, 0, 10, 10, 10, 10, 10, 10, 14
10, 0, 20, 19, 19, 20, 18, 4, 12, 10, 12, 10, 14, 10, 26, 26, 2, 10, 10, 10, 4, 16, 10, 10, 10, 10
10, 19, 13, 10, 13, 10, 30, 28, 0, 0, 19, 4, 18, 2, 10, 4, 28, 10, 10, 10, 20, 10, 10, 10, 10, 10
10, 6, 14, 10, 12, 10, 10, 16, 10, 10, 0, 2, 10, 7, 0, 12, 14, 4, 10, 30, 10, 0, 10, 10, 4, 10
10, 19, 14, 24, 22, 0, 18, 18, 16, 10, 0, 10, 10, 10, 16, 2, 10, 19, 12, 19, 28, 28, 10, 10, 19, 10
10, 19, 11, 14, 6, 12, 12, 0, 2, 24, 18, 20, 10, 12, 4, 10, 31, 10, 10, 10, 10, 10, 26, 19, 16, 19
10, 25, 23, 20, 16, 0, 10, 10, 26, 0, 0, 10, 18, 10, 10, 10, 12, 10, 30, 12, 26, 10, 4, 0, 10, 10
10, 6, 3, 22, 26, 4, 19, 26, 10, 10, 26, 26, 19, 10, 10, 10, 26, 10, 26, 10, 10, 10, 10, 31, 16, 10
10, 3, 14, 30, 26, 26, 30, 14, 2, 10, 31, 10, 10, 20, 10, 30, 10, 10, 10, 18, 4, 10, 12, 10, 10, 20
10, 10, 0, 9, 17, 10, 8, 27, 26, 18, 0, 30, 0, 10, 18, 10, 10, 4, 26, 10, 16, 10, 18, 4, 10, 10
10, 19, 19, 2, 3, 2, 27, 26, 4, 11, 10, 11, 31, 10, 16, 10, 26, 2, 10, 10, 10, 10, 10, 20, 10, 2
10, 3, 18, 2, 19, 11, 14, 30, 10, 26, 16, 19, 10, 10, 0, 10, 10, 26, 10, 10, 20, 10, 10, 10, 27, 18
10, 13, 7, 4, 20, 10, 23, 26, 2, 20, 20, 7, 18, 2, 20, 18, 0, 10, 10, 10, 0, 31, 4, 20, 10, 10
10, 13, 10, 20, 26, 10, 28, 12, 10, 20, 26, 10, 10, 10, 10, 20, 8, 0, 22, 16, 10, 10, 14, 20, 10, 10
11, 21, 29, 19, 29, 3, 21, 11, 17, 11, 7, 11, 11, 11, 11, 19, 11, 27, 11, 11, 11, 11, 11, 11, 11, 11
11, 19, 19, 23, 27, 16, 4, 13, 8, 19, 15, 8, 11, 11, 11, 11, 12, 11, 15, 27, 11, 29, 11, 3, 8, 11
11, 16, 23, 23, 21, 19, 19, 7, 12, 27, 31, 15, 4, 11, 20, 11, 27, 11, 27, 11, 19, 27, 11, 11, 11, 11
11, 6, 9, 19, 19, 20, 21, 7, 17, 12, 7, 3, 27, 11, 11, 11, 27, 16, 12, 11, 11, 11, 11, 11, 11, 11
11, 3, 7, 12, 13, 8, 23, 4, 23, 20, 11, 12, 11, 11, 11, 11, 11, 25, 11, 16, 7, 3, 11, 11, 11, 3
11, 11, 10, 19, 13, 4, 9, 19, 4, 15, 27, 11, 19, 12, 16, 11, 11, 27, 11, 11, 11, 11, 11, 12, 11, 11
11, 29, 16, 0, 16, 12, 29, 7, 12, 11, 17, 11, 11, 11, 4, 11, 11, 27, 11, 11, 0, 11, 11, 11, 11, 11
11, 29, 17, 9, 11, 7, 11, 0, 3, 3, 17, 9, 4, 19, 11, 16, 11, 17, 11, 16, 11, 7, 27, 11, 11, 11
11, 10, 5, 11, 13, 15, 19, 19, 29, 27, 11, 11, 16, 11, 19, 12, 27, 19, 11, 11, 23, 11, 11, 11, 11, 11
11, 13, 29, 12, 25, 19, 17, 12, 12, 23, 11, 11, 11, 11, 9, 11, 16, 11, 27, 11, 11, 11, 11, 29, 11, 11
11, 5, 21, 13, 29, 23, 23, 27, 23, 25, 27, 16, 11, 11, 11, 28, 27, 11, 7, 11, 11, 29, 12, 11, 11, 11
11, 13, 2, 3, 19, 29, 16, 29, 31, 16, 4, 4, 11, 11, 11, 11, 12, 11, 11, 11, 4, 12, 11, 3, 17, 11
11, 0, 1, 19, 30, 3, 16, 11, 3, 20, 11, 11, 31, 16, 19, 11, 19, 11, 11, 11, 11, 11, 27, 11, 16, 11
11, 10, 27, 16, 23, 15, 4, 12, 11, 11, 8, 11, 16, 9, 11, 24, 11, 17, 11, 29, 23, 31, 11, 11, 27, 11
11, 6, 16, 13, 28, 11, 10, 11, 20, 16, 28, 12, 11, 27, 19, 4, 15, 11, 13, 11, 17, 11, 23, 11, 11, 11
12, 10, 29, 1, 20, 28, 19, 31, 7, 28, 12, 12, 23, 8, 12, 11, 12, 0, 16, 11, 12, 12, 12, 12, 27, 12
12, 19, 30, 24, 27, 17, 2, 10, 10, 28, 4, 12, 2, 2, 2, 12, 12, 8, 12, 4, 12, 12, 12, 12, 11, 12
12, 26, 4, 20, 3, 12, 0, 12, 2, 12, 4, 12, 20, 12, 11, 12, 31, 19, 12, 31, 12, 10, 12, 12, 4, 12
12, 19, 0, 3, 14, 27, 22, 7, 12, 4, 12, 11, 12, 20, 2, 12, 12, 10, 12, 16, 12, 12, 12, 0, 12, 12
12, 19, 2, 19, 12, 26, 19, 19, 16, 12, 28, 12, 0, 12, 12, 11, 31, 31, 0, 12, 7, 12, 12, 12, 11, 12
12, 19, 16, 12, 11, 18, 4, 10, 19, 0, 12, 12, 4, 4, 11, 12, 31, 31, 12, 12, 27, 7, 12, 11, 12, 12
12, 6, 2, 4, 23, 12, 11, 4, 12, 20, 27, 4, 18, 16, 12, 12, 12, 12, 12, 12, 12, 12, 12, 31, 31, 0
12, 31, 6, 10, 12, 3, 28, 12, 12, 16, 28, 12, 16, 12, 28, 2, 12, 2, 12, 16, 12, 12, 12, 2, 10, 12
12, 19, 10, 22, 25, 19, 1, 12, 4, 11, 10, 12, 12, 10, 27, 12, 10, 12, 12, 12, 12, 12, 12, 12, 4, 12
12, 19, 7, 23, 29, 14, 12, 4, 0, 28, 11, 12, 12, 20, 11, 4, 12, 27, 0, 11, 23, 11, 12, 12, 11, 12
12, 3, 19, 26, 31, 12, 7, 12, 12, 3, 12, 31, 19, 12, 28, 12, 7, 12, 12, 12, 11, 12, 4, 4, 10, 12
12, 10, 19, 14, 12, 22, 3, 4, 28, 0, 12, 12, 16, 12, 12, 7, 10, 4, 12, 10, 12, 12, 12, 27, 12, 12
12, 0, 3, 14, 7, 11, 7, 7, 16, 11, 4, 14, 12, 3, 31, 12, 12, 12, 12, 10, 12, 12, 16, 12, 12, 12
12, 0, 26, 19, 23, 11, 12, 26, 19, 11, 2, 10, 25, 12, 28, 16, 12, 12, 28, 12, 12, 12, 12, 12, 12, 12
12, 6, 6, 20, 13, 16, 28, 11, 16, 12, 19, 12, 12, 12, 12, 12, 12, 8, 26, 12, 12, 12, 11, 12, 12, 12
13, 3, 13, 5, 21, 3, 13, 21, 21, 21, 25, 21, 13, 21, 13, 9, 25, 13, 1, 13, 3, 13, 9, 13, 13, 13
13, 13, 17, 13, 11, 1, 13, 19, 23, 9, 1, 11, 13, 3, 1, 13, 25, 13, 13, 1, 13, 3, 13, 3, 21, 29
13, 5, 3, 5, 17, 21, 20, 13, 3, 3, 9, 13, 21, 5, 12, 13, 13, 1, 13, 13, 13, 13, 21, 29, 13, 1
13, 19, 5, 27, 13, 13, 17, 9, 13, 29, 3, 5, 3, 13, 5, 1, 29, 21, 13, 13, 19, 25, 13, 13, 13, 3
13, 19, 13, 19, 9, 3, 21, 7, 13, 13, 3, 1, 5, 13, 1, 13, 13, 13, 13, 13, 21, 29, 13, 1, 21, 13
13, 3, 3, 17, 15, 13, 17, 29, 3, 23, 13, 11, 13, 29, 29, 13, 13, 13, 1, 13, 13, 13, 13, 3, 3, 1
13, 13, 13, 13, 13, 29, 21, 17, 13, 29, 13, 7, 21, 21, 13, 3, 3, 3, 13, 13, 3, 23, 21, 29, 13, 13
13, 3, 5, 3, 3, 11, 13, 21, 13, 13, 11, 13, 25, 3, 13, 25, 13, 13, 17, 25, 3, 13, 13, 1, 13, 13
13, 0, 13, 3, 5, 21, 21, 29, 21, 23, 29, 1, 13, 3, 21, 13, 25, 13, 21, 13, 1, 13, 13, 13, 13, 1
13, 5, 7, 29, 29, 3, 13, 13, 13, 21, 21, 13, 13, 17, 11, 25, 13, 17, 13, 13, 13, 13, 13, 13, 3, 13
13, 3, 29, 13, 29, 1, 13, 13, 9, 13, 13, 13, 13, 3, 13, 13, 29, 13, 13, 13, 13, 9, 29, 7, 17, 13
13, 13, 13, 7, 17, 17, 1, 21, 3, 21, 3, 13, 25, 3, 13, 17, 13, 13, 27, 13, 21, 13, 21, 13, 13, 13
13, 13, 29, 21, 29, 9, 9, 1, 21, 21, 29, 13, 25, 3, 13, 1, 29, 13, 13, 1, 9, 13, 13, 1, 13, 13
13, 1, 21, 3, 11, 13, 9, 13, 19, 13, 11, 3, 3, 29, 13, 21, 13, 29, 13, 13, 21, 13, 9, 13, 13, 13
13, 19, 5, 3, 3, 29, 3, 13, 21, 13, 21, 13, 21, 3, 13, 13, 13, 13, 13, 13, 13, 13, 9, 13, 17, 13
14, 3, 6, 30, 6, 16, 18, 14, 14, 14, 8, 14, 14, 30, 0, 16, 14, 14, 22, 6, 30, 14, 10, 14, 14, 14
14, 6, 6, 18, 19, 28, 10, 14, 22, 22, 6, 14, 22, 30, 28, 14, 14, 26, 12, 14, 14, 14, 14, 14, 10, 14
14, 6, 19, 6, 30, 0, 14, 22, 6, 6, 28, 6, 10, 28, 28, 26, 30, 16, 28, 14, 14, 14, 14, 14, 30, 22
14, 19, 6, 2, 14, 30, 15, 14, 31, 14, 14, 14, 14, 0, 14, 14, 30, 14, 14, 14, 18, 30, 22, 14, 14, 14
14, 6, 30, 10, 19, 14, 22, 18, 26, 14, 10, 14, 14, 28, 2, 14, 14, 14, 14, 14, 14, 14, 14, 22, 0, 14
14, 6, 14, 6, 30, 18, 26, 0, 26, 0, 14, 30, 22, 22, 14, 2, 14, 14, 30, 14, 14, 22, 30, 14, 14, 14
14, 6, 22, 0, 6, 27, 30, 28, 10, 30, 18, 14, 18, 14, 26, 14, 26, 14, 22, 14, 14, 14, 14, 18, 6, 14
14, 13, 24, 10, 6, 30, 6, 18, 22, 26, 16, 14, 6, 14, 14, 14, 14, 0, 14, 16, 22, 14, 14, 14, 14, 14
14, 19, 30, 22, 2, 14, 14, 22, 6, 14, 14, 14, 14, 8, 14, 14, 28, 14, 14, 28, 14, 14, 16, 14, 14, 14
14, 22, 10, 14, 6, 4, 14, 14, 26, 22, 18, 12, 10, 14, 14, 14, 14, 26, 26, 14, 14, 14, 14, 14, 26, 14
14, 10, 14, 26, 6, 22, 3, 14, 28, 14, 18, 22, 30, 14, 16, 14, 14, 14, 14, 22, 14, 14, 14, 14, 14, 14
14, 19, 23, 24, 14, 14, 14, 12, 8, 22, 12, 14, 28, 14, 14, 18, 14, 14, 14, 14, 14, 14, 14, 22, 30, 14
14, 0, 6, 14, 18, 28, 14, 8, 14, 14, 6, 0, 14, 14, 14, 14, 28, 14, 0, 14, 14, 18, 14, 14, 2, 22
14, 6, 10, 26, 22, 10, 18, 27, 14, 30, 0, 14, 14, 30, 14, 14, 18, 0, 14, 22, 14, 14, 14, 14, 14, 22
14, 3, 10, 30, 12, 28, 0, 22, 14, 14, 14, 14, 14, 14, 14, 14, 14, 0, 14, 18, 14, 14, 14, 14, 14, 14
15, 19, 25, 24, 19, 23, 8, 1, 25, 9, 27, 20, 15, 27, 31, 8, 15, 15, 15, 15, 4, 4, 23, 17, 8, 1
15, 5, 19, 1, 18, 2, 8, 9, 11, 7, 15, 15, 15, 15, 25, 9, 25, 15, 15, 15, 15, 4, 15, 15, 15, 15
15, 5, 5, 3, 5, 23, 3, 25, 15, 11, 9, 23, 25, 1, 1, 15, 9, 15, 15, 15, 31, 23, 8, 1, 15, 31
15, 3, 30, 25, 25, 20, 4, 21, 15, 1, 1, 31, 8, 15, 31, 1, 1, 8, 15, 8, 15, 15, 15, 15, 23, 15
15, 19, 19, 17, 11, 31, 19, 15, 18, 9, 31, 15, 8, 15, 31, 23, 15, 15, 23, 20, 15, 15, 8, 15, 15, 15
15, 5, 1, 10, 4, 15, 4, 23, 12, 8, 30, 11, 20, 1, 31, 1, 15, 1, 15, 15, 15, 15, 15, 11, 8, 15
15, 26, 25, 23, 27, 20, 27, 20, 15, 31, 11, 15, 9, 15, 31, 15, 15, 15, 11, 8, 27, 8, 23, 7, 15, 4
15, 6, 2, 1, 31, 1, 8, 7, 20, 11, 25, 8, 20, 15, 16, 15, 15, 15, 1, 15, 15, 17, 15, 15, 15, 17
15, 3, 24, 25, 20, 29, 19, 15, 17, 11, 20, 4, 3, 15, 15, 15, 15, 15, 16, 15, 31, 15, 8, 1, 15, 1
15, 26, 30, 15, 24, 10, 8, 15, 20, 9, 17, 20, 24, 15, 15, 1, 8, 9, 23, 15, 15, 15, 31, 8, 15, 15
15, 19, 20, 13, 29, 23, 4, 15, 15, 11, 23, 23, 11, 15, 15, 23, 10, 15, 9, 15, 11, 23, 9, 23, 15, 15
15, 6, 19, 19, 16, 15, 17, 15, 15, 24, 15, 15, 15, 15, 1, 25, 15, 4, 15, 9, 15, 15, 15, 15, 15, 15
15, 5, 3, 30, 15, 30, 7, 15, 0, 15, 15, 4, 11, 17, 15, 4, 31, 15, 11, 15, 15, 15, 15, 15, 15, 15
15, 3, 5, 18, 0, 27, 15, 23, 15, 15, 15, 15, 15, 1, 7, 4, 15, 15, 15, 1, 15, 15, 23, 15, 15, 11
15, 5, 5, 0, 4, 24, 2, 20, 15, 25, 15, 27, 23, 15, 15, 9, 15, 15, 20, 15, 15, 20, 15, 15, 15, 15
16, 19, 28, 13, 27, 15, 15, 16, 16, 16, 0, 15, 16, 16, 0, 16, 16, 16, 18, 16, 11, 16, 28, 16, 16, 0
16, 13, 26, 12, 30, 16, 3, 19, 0, 16, 1, 16, 28, 17, 11, 16, 11, 0, 0, 12, 16, 16, 16, 16, 16, 28
16, 19, 23, 27, 16, 8, 4, 16, 16, 28, 16, 16, 12, 10, 16, 16, 16, 16, 16, 10, 16, 16, 16, 11, 16, 16
16, 0, 29, 22, 31, 19, 16, 4, 3, 2, 10, 16, 0, 16, 16, 11, 10, 16, 16, 0, 16, 11, 16, 16, 16, 28
16, 13, 5, 16, 24, 28, 4, 12, 14, 16, 27, 8, 10, 16, 10, 16, 16, 16, 16, 16, 16, 28, 28, 28, 16, 16
16, 19, 3, 10, 14, 0, 16, 10, 16, 11, 19, 0, 14, 4, 4, 16, 8, 4, 11, 16, 12, 27, 11, 16, 2, 16
16, 19, 22, 31, 11, 16, 16, 16, 2, 16, 28, 16, 16, 16, 8, 31, 16, 16, 16, 16, 28, 16, 16, 16, 28, 16
16, 0, 4, 18, 11, 11, 12, 12, 16, 14, 4, 0, 16, 2, 8, 27, 16, 18, 16, 31, 11, 16, 16, 16, 16, 16
16, 14, 28, 16, 19, 11, 12, 28, 2, 14, 16, 15, 12, 11, 16, 16, 31, 28, 16, 8, 16, 16, 16, 16, 16, 16
16, 13, 25, 7, 14, 28, 7, 28, 16, 16, 28, 27, 17, 30, 28, 28, 28, 16, 16, 27, 19, 16, 27, 16, 16, 16
16, 18, 22, 22, 16, 16, 0, 3, 31, 16, 16, 28, 17, 11, 30, 16, 16, 8, 28, 16, 16, 16, 16, 18, 28, 19
16, 19, 3, 10, 19, 2, 16, 16, 10, 8, 10, 2, 4, 16, 16, 16, 16, 28, 27, 0, 12, 16, 16, 0, 28, 16
16, 22, 25, 28, 28, 28, 3, 10, 18, 28, 17, 8, 2, 16, 16, 8, 16, 16, 16, 27, 27, 10, 16, 16, 19, 16
16, 6, 24, 16, 31, 19, 16, 12, 2, 10, 16, 1, 16, 18, 10, 16, 16, 11, 16, 27, 10, 16, 16, 16, 16, 0
16, 3, 29, 10, 14, 30, 20, 16, 2, 0, 16, 11, 11, 16, 27, 28, 28, 4, 18, 16, 16, 16, 16, 2, 16, 16
17, 3, 18, 19, 25, 17, 27, 8, 1, 17, 18, 17, 3, 17, 8, 17, 9, 27, 17, 17, 17, 24, 17, 27, 17, 17
17, 19, 5, 19, 15, 17, 27, 11, 17, 17, 21, 17, 15, 19, 9, 19, 17, 11, 27, 17, 17, 17, 19, 17, 8, 17
17, 3, 19, 0, 12, 17, 24, 30, 17, 17, 11, 8, 24, 17, 19, 17, 1, 17, 17, 17, 17, 17, 17, 17, 17, 17
17, 13, 29, 19, 29, 13, 19, 17, 19, 27, 17, 17, 8, 17, 17, 19, 17, 17, 3, 17, 8, 17, 17, 17, 17, 17
17, 19, 29, 9, 17, 17, 17, 17, 17, 17, 24, 19, 8, 1, 27, 1, 17, 17, 17, 17, 17, 17, 13, 17, 17, 17
17, 16, 29, 17, 16, 21, 19, 19, 3, 17, 28, 3, 17, 17, 16, 15, 16, 21, 17, 17, 17, 17, 17, 17, 17, 1
17, 10, 17, 24, 19, 17, 11, 8, 17, 1, 1, 17, 17, 0, 17, 11, 17, 17, 1, 17, 17, 17, 17, 17, 17, 17
17, 3, 1, 19, 30, 15, 19, 3, 17, 17, 13, 17, 17, 16, 25, 17, 17, 17, 17, 17, 24, 17, 27, 17, 17, 17
17, 13, 29, 30, 29, 13, 31, 17, 25, 20, 13, 17, 17, 17, 29, 17, 17, 17, 17, 17, 17, 17, 17, 13, 3, 17
17, 5, 24, 13, 24, 13, 29, 1, 17, 24, 11, 17, 27, 8, 8, 17, 19, 17, 17, 17, 17, 17, 17, 17, 17, 17
17, 0, 4, 0, 1, 19, 17, 17, 17, 17, 13, 17, 17, 17, 1, 17, 17, 17, 17, 17, 17, 17, 17, 17, 17, 27
17, 5, 24, 21, 21, 30, 1, 11, 17, 13, 17, 27, 17, 19, 27, 8, 17, 17, 9, 17, 17, 17, 17, 17, 19, 8
17, 3, 19, 3, 8, 24, 1, 1, 13, 17, 17, 15, 27, 17, 27, 17, 16, 17, 11, 17, 17, 24, 17, 13, 17, 17
17, 22, 3, 1, 24, 17, 8, 1, 11, 11, 29, 17, 3, 3, 27, 17, 17, 17, 17, 27, 17, 17, 17, 17, 17, 17
17, 0, 16, 19, 21, 29, 23, 11, 17, 17, 17, 17, 17, 19, 17, 17, 11, 23, 17, 17, 17, 17, 1, 17, 17, 17
18, 19, 19, 6, 2, 30, 18, 26, 8, 30, 18, 18, 18, 8, 31, 26, 18, 18, 18, 14, 30, 18, 18, 18, 18, 18
18, 19, 6, 18, 17, 18, 18, 30, 18, 18, 18, 8, 18, 31, 31, 18, 18, 8, 18, 18, 8, 18, 18, 18, 18, 18
18, 19, 1, 22, 11, 26, 2, 30, 2, 26, 31, 18, 26, 18, 18, 18, 18, 18, 18, 18, 18, 10, 18, 28, 18, 2
18, 13, 30, 6, 14, 2, 18, 14, 26, 30, 10, 18, 18, 8, 30, 30, 18, 8, 18, 18, 18, 15, 2, 20, 18, 18
18, 0, 19, 10, 22, 26, 26, 18, 30, 15, 18, 18, 10, 26, 18, 18, 10, 18, 18, 18, 18, 18, 18, 31, 18, 2
18, 30, 19, 30, 18, 18, 20, 18, 22, 22, 18, 10, 14, 18, 18, 31, 14, 18, 18, 24, 18, 18, 18, 18, 18, 18
18, 19, 17, 18, 16, 18, 18, 8, 31, 18, 18, 0, 30, 18, 31, 30, 18, 28, 16, 8, 18, 18, 18, 18, 18, 18
18, 22, 22, 2, 18, 18, 18, 4, 0, 18, 18, 18, 18, 0, 30, 18, 18, 18, 14, 18, 18, 18, 18, 18, 18, 18
18, 5, 24, 4, 2, 18, 11, 0, 18, 18, 18, 22, 30, 10, 0, 18, 18, 2, 16, 18, 18, 18, 2, 18, 16, 18
18, 0, 10, 6, 6, 30, 4, 18, 26, 31, 18, 2, 18, 18, 8, 15, 18, 18, 18, 10, 10, 14, 0, 18, 18, 18
18, 0, 6, 14, 22, 20, 18, 18, 18, 18, 18, 18, 18, 18, 26, 18, 18, 30, 18, 18, 18, 28, 18, 18, 18, 18
18, 13, 14, 6, 15, 4, 8, 31, 8, 31, 18, 18, 18, 18, 18, 18, 26, 18, 10, 18, 16, 18, 26, 18, 8, 18
18, 0, 31, 30, 30, 19, 15, 31, 30, 18, 18, 18, 8, 31, 18, 18, 18, 30, 12, 18, 18, 18, 18, 18, 18, 18
18, 5, 0, 19, 22, 30, 14, 18, 2, 8, 19, 2, 4, 0, 18, 18, 18, 26, 18, 14, 18, 0, 18, 18, 18, 18
18, 10, 27, 17, 28, 10, 2, 18, 31, 18, 18, 8, 18, 18, 8, 18, 18, 14, 18, 18, 8, 31, 18, 18, 18, 31
19, 19, 19, 19, 18, 19, 19, 13, 0, 19, 10, 19, 19, 19, 12, 19, 19, 19, 0, 19, 10, 20, 19, 19, 19, 3
19, 6, 10, 10, 27, 3, 10, 4, 0, 0, 19, 8, 3, 19, 19, 19, 19, 19, 19, 3, 0, 19, 3, 19, 19, 19
19, 14, 19, 16, 8, 17, 3, 20, 20, 19, 0, 0, 19, 19, 19, 19, 3, 19, 19, 20, 3, 19, 8, 19, 19, 19
19, 19, 5, 19, 20, 19, 19, 8, 0, 0, 19, 19, 19, 19, 8, 20, 0, 3, 4, 19, 19, 19, 27, 19, 19, 3
19, 3, 30, 18, 19, 3, 9, 19, 0, 27, 3, 3, 8, 0, 19, 16, 19, 23, 19, 19, 19, 19, 0, 19, 0, 3
19, 5, 29, 19, 20, 27, 9, 19, 0, 3, 20, 19, 10, 8, 3, 0, 19, 19, 19, 19, 19, 3, 19, 20, 19, 19
19, 3, 3, 19, 17, 19, 17, 0, 16, 19, 19, 17, 19, 3, 8, 0, 3, 19, 11, 19, 0, 0, 0, 0, 19, 17
19, 0, 19, 19, 19, 19, 0, 19, 19, 19, 3, 24, 16, 19, 19, 19, 19, 19, 19, 8, 3, 19, 19, 19, 19, 19
19, 0, 0, 8, 19, 12, 17, 11, 10, 24, 19, 17, 20, 3, 0, 16, 3, 19, 19, 19, 0, 19, 19, 19, 19, 19
19, 3, 19, 2, 20, 10, 19, 3, 19, 0, 19, 10, 19, 11, 9, 19, 0, 3, 19, 19, 8, 0, 27, 19, 0, 0
19, 0, 17, 3, 0, 1, 19, 17, 17, 17, 11, 19, 19, 20, 19, 0, 11, 19, 11, 19, 19, 17, 19, 19, 19, 3
19, 19, 20, 3, 3, 3, 3, 19, 7, 27, 3, 19, 10, 19, 0, 3, 0, 19, 19, 10, 19, 19, 3, 19, 19, 0
19, 0, 19, 19, 23, 19, 17, 19, 29, 3, 19, 17, 19, 19, 19, 19, 19, 3, 19, 19, 19, 19, 19, 19, 0, 3
19, 13, 3, 19, 19, 17, 10, 8, 19, 10, 8, 19, 19, 3, 19, 19, 17, 16, 19, 19, 19, 3, 19, 19, 19, 19
19, 19, 3, 3, 9, 19, 0, 19, 27, 8, 9, 19, 19, 19, 19, 19, 19, 19, 20, 23, 19, 19, 19, 19, 19, 19
20, 22, 24, 0, 19, 8, 31, 7, 20, 4, 4, 20, 15, 15, 3, 20, 15, 20, 0, 20, 0, 20, 27, 15, 31, 15
20, 10, 3, 26, 4, 3, 11, 31, 0, 0, 15, 0, 20, 20, 19, 20, 20, 4, 20, 0, 20, 7, 9, 9, 13, 10
20, 19, 5, 2, 1, 10, 7, 20, 18, 9, 20, 9, 20, 20, 31, 19, 3, 3, 20, 20, 24, 20, 3, 7, 20, 4
20, 16, 15, 19, 25, 19, 20, 1, 27, 20, 3, 7, 10, 0, 7, 20, 20, 20, 9, 11, 20, 20, 31, 23, 20, 15
20, 0, 13, 17, 3, 9, 9, 9, 25, 19, 31, 20, 11, 20, 7, 20, 1, 19, 20, 20, 0, 20, 15, 20, 20, 20
20, 0, 3, 23, 7, 18, 19, 20, 7, 29, 10, 15, 9, 9, 20, 20, 3, 15, 31, 31, 20, 20, 10, 20, 3, 20
20, 19, 19, 4, 23, 9, 20, 27, 19, 20, 20, 20, 20, 9, 0, 20, 10, 15, 3, 20, 0, 20, 9, 7, 20, 4
20, 28, 3, 26, 0, 4, 4, 7, 7, 12, 23, 10, 10, 20, 20, 20, 15, 4, 20, 16, 20, 19, 20, 20, 20, 20
20, 0, 19, 18, 10, 10, 20, 1, 20, 0, 3, 19, 12, 15, 9, 19, 20, 0, 9, 9, 20, 20, 10, 20, 20, 20
20, 13, 0, 1, 29, 9, 8, 12, 8, 11, 20, 20, 19, 4, 9, 31, 31, 10, 20, 20, 20, 11, 11, 20, 15, 20
20, 3, 24, 8, 2, 0, 19, 3, 25, 20, 27, 7, 10, 20, 20, 3, 8, 20, 20, 31, 20, 10, 23, 20, 20, 20
20, 3, 2, 18, 24, 7, 4, 8, 13, 15, 20, 19, 20, 20, 20, 7, 7, 20, 20, 15, 20, 20, 8, 15, 10, 20
20, 19, 13, 28, 4, 23, 20, 3, 20, 15, 12, 20, 31, 15, 0, 19, 7, 3, 20, 19, 11, 20, 20, 0, 20, 20
20, 10, 3, 1, 13, 0, 20, 29, 10, 7, 20, 15, 15, 19, 19, 20, 9, 20, 20, 3, 23, 19, 20, 11, 10, 19
20, 5, 3, 4, 9, 1, 11, 3, 9, 23, 30, 19, 7, 7, 20, 20, 12, 20, 20, 3, 10, 10, 20, 20, 20, 20
21, 0, 13, 5, 21, 23, 13, 21, 5, 21, 1, 21, 21, 21, 21, 13, 21, 21, 21, 21, 1, 21, 21, 21, 21, 21
21, 13, 3, 5, 21, 25, 5, 5, 5, 21, 5, 21, 21, 1, 21, 25, 5, 5, 21, 21, 21, 21, 21, 21, 21, 21
21, 21, 3, 5, 21, 29, 21, 21, 5, 5, 5, 5, 21, 1, 21, 21, 21, 13, 21, 13, 5, 1, 13, 21, 13, 21
21, 5, 5, 29, 29, 5, 21, 1, 5, 21, 21, 25, 21, 21, 21, 1, 21, 5, 5, 21, 21, 13, 21, 13, 21, 5
21, 25, 24, 21, 5, 25, 5, 5, 13, 21, 13, 13, 21, 21, 21, 25, 13, 21, 13, 21, 5, 21, 5, 21, 21, 21
21, 3, 5, 29, 21, 21, 21, 21, 21, 21, 21, 21, 21, 21, 13, 21, 21, 21, 21, 21, 5, 21, 21, 21, 13, 21
21, 5, 5, 21, 21, 1, 5, 25, 29, 21, 5, 21, 21, 21, 21, 13, 21, 29, 13, 21, 25, 21, 21, 21, 21, 5
21, 5, 5, 21, 29, 29, 13, 21, 13, 21, 21, 1, 5, 5, 21, 5, 21, 21, 21, 21, 5, 21, 21, 21, 21, 21
21, 5, 5, 25, 13, 13, 1, 21, 21, 1, 1, 21, 21, 21, 21, 5, 21, 21, 21, 5, 21, 25, 21, 21, 21, 21
21, 5, 29, 29, 5, 5, 21, 25, 21, 13, 21, 29, 13, 13, 21, 21, 21, 13, 21, 21, 21, 21, 21, 21, 21, 21
21, 25, 21, 21, 17, 13, 21, 5, 25, 21, 21, 13, 21, 5, 25, 21, 21, 5, 21, 21, 21, 21, 21, 21, 13, 21
21, 21, 5, 24, 21, 1, 21, 3, 5, 21, 21, 21, 5, 25, 25, 21, 21, 21, 21, 5, 21, 21, 21, 13, 21, 21
21, 5, 25, 21, 21, 21, 1, 21, 21, 1, 1, 1, 21, 1, 21, 3, 29, 21, 25, 21, 21, 21, 21, 21, 21, 21
21, 5, 5, 25, 5, 5, 3, 21, 25, 21, 21, 5, 21, 21, 1, 21, 21, 21, 5, 21, 21, 21, 21, 21, 21, 21
21, 13, 25, 5, 29, 21, 5, 21, 21, 21, 5, 21, 29, 21, 21, 25, 21, 21, 21, 25, 5, 21, 13, 21, 21, 21
22, 6, 6, 6, 14, 22, 22, 22, 22, 22, 22, 22, 22, 26, 22, 22, 26, 22, 22, 22, 22, 22, 22, 22, 22, 14
22, 22, 2, 6, 6, 26, 22, 22, 22, 22, 28, 22, 26, 26, 22, 26, 22, 6, 28, 26, 22, 22, 22, 22, 22, 22
22, 22, 26, 6, 22, 22, 2, 6, 22, 30, 22, 22, 22, 6, 6, 22, 22, 22, 22, 22, 22, 22, 22, 22, 22, 22
22, 10, 4, 19, 28, 28, 2, 14, 22, 22, 16, 22, 22, 14, 14, 22, 22, 22, 22, 26, 22, 22, 6, 22, 22, 22
22, 6, 6, 22, 6, 22, 28, 30, 22, 22, 28, 6, 22, 28, 0, 22, 22, 22, 22, 26, 26, 28, 22, 22, 22, 14
22, 26, 30, 22, 30, 2, 30, 14, 22, 26, 26, 22, 26, 22, 22, 2, 22, 22, 22, 22, 22, 22, 22, 22, 14, 14
22, 6, 24, 6, 30, 14, 2, 22, 22, 22, 28, 22, 22, 18, 2, 22, 22, 22, 26, 22, 22, 22, 22, 22, 22, 22
22, 6, 14, 6, 6, 10, 22, 26, 28, 22, 6, 6, 22, 22, 22, 6, 2, 22, 22, 22, 22, 22, 22, 22, 22, 22
22, 6, 6, 22, 6, 22, 28, 22, 22, 22, 26, 22, 26, 26, 22, 22, 22, 2, 22, 22, 28, 22, 22, 2, 22, 14
22, 6, 6, 6, 6, 6, 18, 28, 22, 22, 22, 22, 6, 14, 22, 22, 22, 2, 22, 22, 2, 2, 22, 22, 22, 22
22, 14, 6, 22, 22, 6, 22, 26, 22, 22, 22, 6, 6, 22, 22, 22, 22, 22, 22, 14, 22, 22, 22, 22, 26, 22
22, 19, 6, 26, 2, 22, 22, 26, 30, 22, 14, 26, 28, 26, 22, 2, 22, 22, 6, 22, 22, 22, 22, 22, 22, 22
22, 0, 6, 22, 22, 22, 22, 22, 22, 18, 26, 22, 22, 26, 22, 22, 26, 26, 22, 26, 22, 22, 6, 22, 22, 2
22, 25, 6, 22, 6, 26, 22, 6, 18, 12, 22, 18, 22, 22, 22, 22, 26, 2, 14, 22, 22, 22, 26, 22, 22, 22
22, 6, 6, 26, 2, 22, 28, 14, 22, 6, 26, 22, 22, 2, 6, 22, 22, 22, 22, 22, 22, 22, 22, 14, 22, 22
23, 0, 4, 25, 15, 23, 29, 23, 15, 15, 23, 23, 12, 23, 23, 23, 19, 23, 23, 17, 19, 23, 23, 9, 1, 23
23, 19, 5, 5, 7, 23, 20, 11, 23, 1, 23, 17, 31, 23, 8, 23, 31, 17, 9, 23, 23, 23, 23, 23, 23, 23
23, 6, 23, 25, 18, 7, 31, 1, 9, 27, 9, 23, 23, 3, 9, 20, 27, 25, 23, 31, 23, 23, 23, 23, 23, 25
23, 13, 29, 4, 1, 18, 17, 23, 7, 23, 23, 23, 15, 9, 23, 23, 23, 29, 15, 23, 7, 23, 1, 23, 23, 23
23, 29, 13, 21, 23, 1, 1, 23, 25, 31, 25, 23, 23, 1, 25, 23, 31, 23, 23, 31, 15, 25, 1, 23, 23, 23
23, 3, 2, 29, 13, 23, 17, 23, 23, 3, 23, 23, 23, 29, 23, 23, 23, 15, 23, 17, 23, 23, 23, 23, 23, 23
23, 29, 11, 25, 3, 3, 1, 4, 9, 23, 23, 13, 23, 23, 31, 23, 3, 23, 31, 23, 23, 23, 3, 23, 23, 23
23, 13, 25, 15, 23, 23, 7, 25, 23, 23, 23, 23, 23, 23, 23, 23, 23, 7, 23, 23, 23, 7, 23, 11, 7, 23
23, 5, 21, 11, 0, 1, 23, 25, 25, 23, 23, 15, 23, 23, 9, 23, 23, 23, 27, 31, 23, 23, 23, 23, 23, 23
23, 26, 1, 17, 13, 7, 29, 23, 15, 23, 1, 23, 23, 11, 31, 23, 23, 23, 23, 23, 13, 23, 23, 23, 23, 23
23, 5, 20, 9, 0, 21, 23, 23, 31, 13, 31, 23, 23, 7, 19, 23, 7, 25, 23, 23, 29, 3, 23, 23, 23, 23
23, 5, 0, 7, 25, 15, 19, 23, 11, 23, 15, 23, 23, 25, 23, 23, 31, 23, 20, 29, 23, 23, 23, 23, 23, 1
23, 13, 1, 31, 3, 23, 25, 25, 7, 7, 23, 23, 23, 20, 25, 23, 23, 9, 23, 1, 15, 23, 23, 23, 23, 23
23, 5, 19, 23, 15, 25, 11, 23, 12, 23, 3, 23, 23, 15, 23, 23, 23, 23, 23, 23, 23, 23, 23, 7, 23, 23
23, 3, 5, 13, 13, 13, 7, 4, 15, 23, 23, 23, 9, 23, 20, 23, 23, 23, 23, 23, 7, 23, 23, 23, 23, 23
24, 6, 24, 24, 0, 17, 24, 1, 24, 9, 24, 24, 8, 24, 24, 8, 24, 8, 24, 24, 24, 24, 24, 24, 8, 24
24, 6, 4, 5, 30, 8, 24, 24, 24, 24, 30, 30, 24, 24, 24, 24, 24, 24, 24, 24, 24, 24, 24, 24, 24, 24
24, 19, 3, 24, 24, 25, 24, 24, 1, 24, 24, 24, 24, 24, 3, 24, 24, 24, 24, 24, 24, 24, 24, 24, 24, 24
24, 13, 0, 23, 17, 24, 24, 24, 24, 24, 24, 24, 24, 8, 17, 17, 24, 24, 24, 30, 24, 24, 24, 24, 24, 24
24, 19, 4, 19, 25, 24, 0, 24, 24, 24, 30, 24, 24, 24, 24, 24, 15, 1, 24, 24, 24, 24, 24, 24, 24, 24
24, 13, 19, 18, 24, 24, 24, 8, 30, 24, 24, 9, 24, 24, 24, 8, 24, 24, 24, 24, 24, 24, 24, 24, 24, 24
24, 5, 30, 13, 30, 24, 17, 24, 24, 24, 24, 24, 24, 8, 24, 24, 24, 24, 24, 24, 24, 24, 24, 24, 24, 24
24, 19, 19, 21, 10, 24, 24, 24, 24, 9, 24, 24, 30, 24, 24, 24, 24, 24, 24, 17, 24, 24, 24, 24, 24, 24
24, 3, 8, 24, 30, 15, 24, 19, 24, 24, 24, 24, 24, 24, 24, 24, 24, 24, 24, 24, 24, 24, 24, 24, 24, 24
24, 26, 24, 8, 8, 30, 30, 8, 24, 24, 24, 24, 24, 24, 24, 24, 24, 24, 8, 24, 24, 24, 24, 24, 24, 24
24, 3, 19, 30, 30, 8, 8, 24, 24, 24, 24, 24, 24, 24, 24, 24, 24, 24, 24, 24, 24, 24, 24, 24, 8, 24
24, 5, 30, 3, 21, 24, 8, 15, 8, 24, 24, 24, 24, 24, 24, 24, 24, 24, 24, 24, 8, 24, 24, 24, 24, 24
24, 5, 19, 24, 30, 19, 24, 24, 24, 24, 24, 8, 24, 24, 24, 24, 24, 24, 24, 24, 24, 24, 24, 24, 24, 24
24, 5, 1, 24, 19, 24, 30, 24, 24, 24, 24, 27, 24, 24, 24, 19, 24, 24, 30, 24, 24, 24, 24, 24, 24, 24
24, 19, 0, 24, 24, 24, 3, 24, 30, 8, 24, 24, 24, 9, 30, 24, 24, 24, 24, 24, 24, 24, 24, 8, 24, 24
25, 29, 29, 3, 1, 21, 25, 1, 21, 25, 25, 7, 25, 25, 25, 25, 25, 25, 7, 29, 9, 1, 1, 25, 1, 25
25, 19, 5, 21, 25, 23, 29, 25, 7, 25, 25, 29, 23, 25, 25, 25, 25, 25, 25, 13, 25, 25, 25, 25, 25, 13
25, 5, 13, 21, 13, 21, 25, 5, 25, 25, 25, 25, 25, 25, 25, 5, 25, 25, 25, 25, 25, 25, 25, 1, 1, 25
25, 5, 5, 3, 29, 5, 24, 7, 25, 25, 25, 9, 25, 25, 21, 25, 13, 25, 25, 25, 25, 25, 1, 25, 25, 21
25, 18, 13, 1, 25, 5, 25, 25, 9, 13, 25, 9, 13, 15, 25, 9, 25, 25, 25, 25, 25, 25, 25, 25, 25, 21
25, 3, 3, 25, 13, 25, 25, 7, 5, 25, 9, 25, 7, 25, 23, 25, 25, 1, 25, 25, 25, 25, 25, 25, 25, 13
25, 3, 25, 25, 25, 9, 15, 25, 25, 25, 25, 25, 25, 9, 21, 7, 25, 25, 25, 25, 25, 25, 25, 21, 25, 25
25, 1, 5, 13, 15, 15, 23, 13, 25, 19, 3, 25, 25, 13, 25, 9, 25, 21, 15, 25, 15, 25, 25, 25, 25, 25
25, 5, 5, 11, 20, 21, 23, 29, 25, 21, 25, 25, 25, 25, 5, 25, 5, 25, 25, 25, 25, 25, 9, 25, 25, 25
25, 19, 25, 16, 13, 9, 11, 25, 25, 21, 25, 25, 1, 9, 25, 25, 15, 21, 25, 25, 21, 25, 25, 25, 25, 25
25, 6, 15, 15, 19, 25, 4, 25, 21, 25, 25, 13, 5, 7, 25, 7, 25, 13, 25, 25, 25, 25, 25, 25, 25, 25
25, 5, 21, 21, 9, 13, 21, 25, 17, 5, 13, 25, 25, 25, 25, 25, 25, 29, 1, 29, 25, 25, 25, 25, 25, 25
25, 3, 31, 25, 21, 25, 25, 23, 15, 25, 25, 25, 25, 25, 7, 25, 25, 15, 25, 25, 25, 25, 25, 25, 25, 25
25, 19, 19, 7, 7, 9, 25, 25, 21, 21, 25, 25, 5, 1, 25, 21, 7, 25, 25, 25, 9, 9, 29, 25, 25, 25
25, 5, 7, 1, 5, 9, 25, 23, 7, 3, 25, 3, 23, 21, 13, 15, 25, 25, 25, 25, 25, 7, 1, 25, 25, 25
26, 2, 30, 26, 26, 6, 26, 26, 26, 26, 26, 26, 26, 26, 26, 26, 22, 26, 26, 26, 26, 26, 26, 26, 26, 26
26, 6, 10, 19, 26, 22, 2, 26, 26, 4, 18, 26, 2, 26, 26, 26, 26, 26, 26, 22, 2, 6, 26, 4, 26, 26
26, 6, 22, 11, 28, 2, 6, 22, 26, 26, 26, 26, 26, 26, 26, 26, 22, 26, 26, 22, 26, 10, 26, 2, 26, 26
26, 18, 28, 14, 10, 4, 14, 22, 26, 22, 2, 26, 26, 26, 26, 26, 26, 26, 26, 26, 14, 26, 22, 22, 10, 26
26, 6, 23, 2, 18, 18, 26, 26, 26, 26, 26, 26, 26, 22, 26, 26, 10, 6, 26, 26, 26, 26, 26, 26, 26, 22
26, 6, 19, 22, 14, 14, 26, 26, 26, 22, 18, 4, 26, 26, 26, 26, 26, 26, 26, 26, 26, 26, 26, 26, 10, 26
26, 5, 26, 28, 30, 14, 6, 26, 26, 2, 18, 26, 14, 4, 26, 22, 26, 26, 26, 26, 26, 26, 26, 26, 26, 26
26, 22, 10, 7, 22, 22, 26, 26, 6, 4, 22, 2, 10, 12, 26, 2, 26, 26, 26, 26, 2, 26, 26, 26, 26, 26
26, 29, 26, 11, 28, 10, 22, 22, 18, 26, 10, 26, 26, 26, 26, 2, 26, 26, 26, 26, 18, 26, 26, 26, 26, 14
26, 22, 6, 22, 26, 12, 18, 22, 18, 26, 2, 26, 26, 26, 26, 26, 26, 26, 14, 26, 26, 26, 26, 26, 26, 26
26, 6, 6, 11, 20, 26, 26, 22, 14, 26, 26, 26, 26, 18, 26, 26, 26, 22, 26, 26, 18, 26, 26, 26, 26, 22
26, 6, 22, 6, 11, 4, 22, 6, 26, 22, 26, 26, 6, 26, 26, 26, 18, 6, 26, 26, 26, 22, 26, 22, 26, 26
26, 6, 14, 10, 26, 4, 22, 2, 2, 26, 10, 10, 26, 26, 26, 26, 22, 22, 14, 26, 26, 26, 10, 26, 26, 26
26, 13, 0, 26, 22, 22, 22, 2, 10, 26, 26, 14, 22, 22, 26, 26, 26, 22, 26, 22, 26, 26, 26, 26, 26, 26
26, 6, 11, 26, 6, 22, 26, 26, 26, 22, 26, 6, 26, 26, 22, 6, 26, 26, 26, 26, 26, 26, 26, 26, 26, 26
27, 3, 14, 19, 11, 17, 27, 10, 18, 27, 27, 20, 31, 19, 10, 17, 12, 1, 27, 27, 27, 12, 27, 27, 27, 17
27, 0, 16, 21, 23, 7, 19, 8, 9, 16, 27, 27, 0, 31, 17, 27, 27, 11, 27, 27, 23, 27, 11, 12, 19, 27
27, 21, 3, 12, 19, 4, 0, 0, 27, 12, 10, 31, 8, 27, 19, 17, 27, 27, 0, 31, 3, 27, 27, 27, 27, 31
27, 10, 0, 10, 12, 17, 27, 17, 27, 27, 0, 3, 15, 17, 27, 27, 12, 17, 3, 27, 3, 3, 27, 0, 0, 27
27, 10, 0, 7, 11, 19, 0, 19, 27, 16, 27, 0, 27, 15, 13, 18, 27, 27, 16, 27, 27, 27, 27, 27, 27, 27
27, 22, 28, 28, 12, 0, 17, 17, 17, 3, 12, 28, 27, 27, 18, 16, 27, 27, 27, 19, 16, 12, 27, 7, 8, 27
27, 19, 0, 4, 19, 18, 3, 8, 3, 27, 8, 27, 11, 12, 15, 27, 27, 18, 11, 12, 27, 8, 11, 27, 27, 27
27, 3, 19, 7, 19, 27, 0, 19, 15, 27, 27, 10, 13, 27, 11, 0, 31, 27, 27, 27, 20, 11, 27, 27, 11, 16
27, 6, 6, 19, 29, 12, 15, 3, 16, 16, 11, 19, 12, 27, 27, 31, 17, 27, 27, 27, 27, 27, 27, 27, 20, 27
27, 19, 5, 29, 3, 28, 25, 7, 12, 7, 16, 27, 27, 19, 11, 4, 19, 27, 11, 27, 13, 27, 11, 27, 27, 16
27, 16, 3, 7, 3, 2, 20, 13, 27, 11, 27, 17, 23, 14, 27, 12, 17, 27, 13, 27, 27, 27, 27, 12, 15, 11
27, 3, 19, 13, 11, 12, 27, 7, 11, 11, 27, 11, 11, 27, 19, 7, 8, 27, 27, 31, 27, 27, 23, 27, 27, 27
27, 3, 29, 0, 24, 0, 7, 20, 8, 23, 27, 29, 27, 3, 27, 8, 27, 11, 27, 16, 17, 11, 27, 27, 27, 27
27, 6, 14, 16, 18, 17, 27, 27, 13, 11, 27, 31, 16, 3, 27, 27, 1, 19, 27, 27, 19, 27, 27, 31, 13, 27
27, 21, 26, 23, 12, 19, 15, 17, 0, 0, 19, 16, 0, 7, 11, 16, 20, 27, 27, 11, 27, 27, 27, 17, 11, 11
28, 3, 28, 2, 22, 12, 11, 28, 27, 28, 22, 16, 27, 27, 28, 28, 22, 28, 28, 28, 28, 28, 16, 28, 14, 28
28, 26, 18, 6, 12, 28, 22, 26, 28, 26, 2, 28, 16, 28, 28, 0, 28, 28, 14, 28, 28, 28, 28, 28, 28, 28
28, 6, 19, 28, 28, 31, 28, 7, 28, 28, 28, 27, 28, 28, 14, 28, 22, 14, 16, 28, 28, 27, 28, 28, 22, 2
28, 28, 10, 12, 2, 31, 2, 2, 22, 22, 0, 14, 28, 28, 28, 28, 16, 28, 28, 16, 28, 28, 28, 16, 16, 28
28, 0, 28, 28, 28, 4, 28, 22, 14, 28, 14, 16, 28, 28, 28, 12, 28, 22, 14, 28, 28, 28, 28, 28, 28, 28
28, 0, 24, 28, 12, 28, 28, 22, 2, 16, 8, 28, 28, 28, 2, 28, 2, 28, 0, 28, 10, 14, 28, 28, 14, 28
28, 10, 22, 6, 15, 10, 28, 22, 2, 14, 18, 28, 2, 27, 22, 10, 28, 28, 12, 14, 28, 28, 28, 28, 28, 28
28, 19, 22, 28, 12, 24, 16, 22, 28, 26, 28, 16, 28, 28, 28, 0, 28, 28, 28, 28, 22, 12, 2, 28, 28, 28
28, 19, 30, 28, 12, 22, 28, 4, 28, 28, 14, 28, 28, 2, 28, 28, 16, 2, 28, 14, 27, 28, 28, 28, 28, 28
28, 19, 6, 6, 0, 28, 0, 26, 16, 28, 28, 28, 28, 18, 28, 16, 28, 28, 28, 28, 28, 28, 28, 28, 28, 28
28, 28, 3, 26, 12, 12, 28, 28, 2, 28, 28, 28, 16, 28, 28, 28, 28, 16, 28, 28, 28, 14, 28, 28, 10, 28
28, 19, 0, 27, 14, 28, 2, 22, 30, 28, 28, 28, 28, 28, 28, 28, 28, 28, 28, 28, 28, 28, 28, 28, 28, 28
28, 5, 22, 17, 0, 27, 4, 28, 16, 16, 16, 28, 28, 27, 28, 28, 2, 28, 28, 28, 28, 28, 28, 28, 28, 12
28, 19, 19, 12, 16, 7, 30, 16, 30, 28, 10, 22, 16, 28, 2, 16, 28, 10, 28, 28, 28, 28, 28, 10, 26, 14
28, 16, 6, 18, 22, 0, 28, 24, 28, 28, 16, 2, 28, 27, 12, 28, 28, 28, 28, 28, 28, 28, 28, 28, 28, 28
29, 10, 25, 29, 13, 23, 1, 13, 11, 29, 29, 29, 29, 5, 29, 19, 29, 29, 29, 29, 29, 29, 29, 29, 29, 29
29, 5, 5, 11, 3, 29, 29, 20, 29, 13, 25, 7, 29, 29, 29, 25, 13, 29, 29, 29, 13, 29, 25, 29, 29, 29
29, 11, 5, 5, 19, 13, 13, 27, 29, 1, 29, 7, 29, 13, 29, 29, 29, 25, 29, 11, 29, 29, 29, 29, 29, 29
29, 3, 3, 25, 7, 3, 7, 29, 5, 12, 29, 29, 13, 13, 3, 1, 29, 29, 29, 29, 29, 29, 29, 11, 29, 29
29, 25, 19, 3, 29, 29, 9, 21, 13, 13, 1, 29, 29, 11, 29, 29, 29, 9, 29, 29, 29, 29, 13, 29, 29, 29
29, 5, 5, 29, 5, 7, 25, 29, 29, 29, 29, 3, 3, 29, 3, 29, 29, 29, 29, 29, 29, 29, 29, 7, 29, 29
29, 5, 5, 3, 19, 29, 29, 7, 29, 29, 29, 29, 29, 29, 29, 29, 7, 25, 29, 29, 29, 29, 13, 29, 29, 9
29, 5, 5, 25, 29, 1, 25, 3, 21, 29, 5, 29, 29, 3, 29, 29, 29, 13, 13, 29, 29, 21, 29, 29, 29, 29
29, 5, 29, 5, 29, 23, 29, 29, 1, 29, 29, 13, 29, 29, 11, 29, 29, 29, 29, 29, 29, 29, 9, 11, 29, 9
29, 25, 5, 29, 29, 29, 9, 13, 29, 11, 29, 29, 29, 29, 29, 29, 29, 29, 29, 29, 29, 29, 29, 29, 29, 29
29, 13, 5, 5, 29, 21, 25, 29, 29, 29, 29, 27, 29, 29, 29, 29, 29, 25, 29, 29, 29, 9, 29, 29, 29, 29
29, 13, 29, 21, 29, 7, 29, 29, 29, 29, 29, 29, 7, 29, 29, 29, 29, 29, 29, 29, 29, 29, 29, 29, 29, 29
29, 5, 13, 5, 5, 29, 25, 25, 29, 29, 11, 29, 29, 29, 29, 7, 29, 29, 1, 29, 29, 29, 29, 29, 29, 29
29, 13, 29, 11, 13, 29, 21, 5, 29, 29, 29, 29, 1, 27, 29, 29, 29, 9, 29, 29, 29, 29, 7, 29, 29, 11
29, 5, 13, 3, 9, 29, 29, 17, 21, 29, 25, 29, 3, 9, 29, 29, 9, 7, 29, 29, 29, 29, 29, 3, 29, 29
30, 19, 16, 28, 30, 24, 30, 30, 30, 8, 30, 26, 30, 30, 30, 30, 30, 30, 30, 30, 30, 30, 30, 30, 30, 30
30, 19, 6, 30, 13, 30, 18, 30, 24, 18, 18, 8, 24, 14, 30, 30, 18, 14, 30, 30, 30, 30, 30, 30, 30, 30
30, 6, 6, 30, 18, 30, 30, 30, 14, 31, 30, 30, 30, 8, 30, 30, 30, 30, 30, 30, 30, 30, 30, 30, 30, 30
30, 10, 14, 4, 24, 30, 30, 15, 30, 30, 30, 30, 30, 30, 30, 30, 30, 30, 30, 14, 30, 24, 30, 30, 14, 8
30, 19, 28, 24, 14, 30, 30, 30, 30, 30, 14, 30, 30, 28, 30, 30, 30, 8, 30, 30, 30, 30, 30, 30, 30, 30
30, 6, 13, 30, 22, 30, 30, 22, 30, 30, 30, 30, 30, 30, 30, 24, 24, 30, 30, 30, 30, 30, 30, 30, 30, 30
30, 19, 6, 8, 24, 30, 30, 30, 30, 2, 30, 30, 30, 30, 30, 30, 30, 30, 30, 30, 30, 30, 30, 30, 30, 30
30, 19, 30, 10, 30, 16, 8, 14, 30, 30, 30, 30, 30, 30, 30, 30, 30, 30, 30, 30, 30, 30, 30, 30, 30, 30
30, 0, 30, 22, 30, 24, 24, 30, 30, 14, 30, 30, 30, 30, 30, 30, 30, 18, 30, 30, 30, 30, 30, 30, 30, 30
30, 19, 30, 24, 30, 30, 30, 30, 18, 8, 30, 30, 28, 30, 30, 30, 30, 30, 30, 30, 30, 18, 30, 30, 30, 30
30, 16, 8, 22, 30, 24, 18, 14, 22, 30, 24, 30, 30, 30, 30, 30, 30, 8, 14, 30, 30, 24, 30, 30, 30, 30
30, 13, 30, 6, 15, 30, 18, 14, 16, 30, 30, 30, 30, 22, 30, 30, 8, 18, 30, 30, 30, 30, 30, 30, 30, 30
30, 6, 14, 3, 24, 18, 30, 24, 14, 8, 30, 0, 30, 18, 30, 30, 30, 30, 30, 30, 30, 30, 30, 30, 30, 30
30, 6, 6, 18, 30, 30, 24, 6, 30, 30, 18, 30, 14, 30, 22, 30, 18, 30, 30, 8, 30, 8, 30, 30, 30, 30
30, 10, 6, 6, 18, 30, 30, 17, 30, 30, 30, 30, 30, 6, 30, 14, 30, 30, 30, 30, 30, 30, 30, 30, 30, 18
31, 19, 14, 29, 26, 7, 2, 31, 31, 23, 31, 23, 23, 23, 31, 4, 31, 31, 19, 31, 31, 31, 31, 4, 31, 31
31, 19, 10, 10, 9, 23, 18, 31, 4, 2, 8, 27, 4, 28, 20, 27, 23, 12, 31, 31, 23, 31, 12, 31, 23, 31
31, 1, 10, 19, 8, 20, 3, 2, 27, 23, 31, 12, 12, 31, 31, 8, 31, 18, 27, 31, 20, 31, 15, 31, 31, 31
31, 10, 3, 10, 4, 19, 12, 19, 2, 28, 2, 0, 20, 31, 31, 18, 11, 31, 31, 31, 31, 31, 4, 31, 31, 31
31, 19, 22, 15, 19, 31, 31, 0, 2, 22, 28, 12, 31, 18, 4, 15, 23, 20, 16, 31, 31, 31, 31, 16, 31, 31
31, 19, 10, 7, 15, 4, 18, 2, 23, 2, 15, 18, 31, 4, 31, 31, 31, 31, 31, 31, 31, 31, 31, 31, 18, 31
31, 3, 2, 3, 4, 15, 27, 30, 31, 8, 31, 18, 2, 23, 16, 31, 31, 31, 23, 31, 31, 18, 31, 23, 31, 2
31, 19, 19, 2, 9, 26, 27, 22, 10, 20, 4, 27, 24, 31, 28, 0, 31, 31, 15, 31, 28, 31, 12, 8, 31, 31
31, 6, 8, 3, 10, 8, 12, 31, 27, 31, 1, 18, 31, 15, 27, 31, 4, 31, 2, 2, 7, 17, 31, 15, 31, 31
31, 6, 3, 4, 8, 31, 15, 0, 15, 12, 10, 11, 31, 8, 31, 2, 11, 31, 31, 31, 31, 31, 31, 23, 31, 2
31, 6, 10, 4, 4, 19, 31, 15, 12, 12, 27, 31, 4, 31, 31, 23, 20, 15, 31, 15, 31, 31, 31, 16, 31, 12
31, 19, 19, 31, 9, 0, 28, 2, 23, 23, 4, 17, 8, 31, 31, 20, 31, 16, 31, 31, 31, 31, 31, 11, 31, 31
31, 19, 0, 10, 30, 4, 20, 27, 22, 24, 31, 12, 15, 2, 8, 4, 23, 31, 31, 31, 31, 16, 31, 31, 31, 16
31, 0, 4, 0, 3, 12, 15, 30, 31, 8, 0, 7, 18, 31, 19, 31, 11, 31, 31, 31, 8, 31, 31, 20, 8, 31
31, 0, 17, 19, 27, 28, 17, 2, 31, 4, 19, 27, 12, 7, 0, 2, 31, 31, 31, 31, 20, 31, 18, 18, 15, 31

